{"type": "metrics", "dataset": "train", "precision": 0.9993645414107181, "balanced_accuracy": 0.9989558447751893, "recall": 0.9980960440025386, "f1_score": 0.9987298899237934}
{"type": "metrics", "dataset": "test", "precision": 0.6438127090301003, "balanced_accuracy": 0.6716381938636682, "recall": 0.4033525405971713, "f1_score": 0.49597423510466987}
{"type": "cm_matrix", "dataset": "train", "true_0": {"predicted_0": 16270, "predicted_1": 3}, "true_1": {"predicted_0": 9, "predicted_1": 4718}}
{"type": "cm_matrix", "dataset": "test", "true_0": {"predicted_0": 6665, "predicted_1": 426}, "true_1": {"predicted_0": 1139, "predicted_1": 770}}
