{"type": "metrics", "dataset": "train", "precision": 0.9994285478288352, "balanced_accuracy": 0.9989558447751893, "recall": 0.9994285714285714, "f1_score": 0.9994284426472668}
{"type": "metrics", "dataset": "test", "precision": 0.8094557086657292, "balanced_accuracy": 0.6716381938636682, "recall": 0.8261111111111111, "f1_score": 0.8103079830417863}
{"type": "cm_matrix", "dataset": "train", "true_0": {"predicted_0": 16270, "predicted_1": 3}, "true_1": {"predicted_0": 9, "predicted_1": 4718}}
{"type": "cm_matrix", "dataset": "test", "true_0": {"predicted_0": 6665, "predicted_1": 426}, "true_1": {"predicted_0": 1139, "predicted_1": 770}}
